{"cameraMode":{"drawMode":3,"name":"Shadow Cascades","section":"Miscellaneous"},"sceneLighting":true,"audioPlay":false,"sceneViewState":{"showFog":true,"showMaterialUpdate":false,"showSkybox":false,"showFlares":true,"showImageEffects":true,"showParticleSystems":true},"in2DMode":false,"pivot":{"x":7.955525875091553,"y":-1.4859235286712647,"z":29.084049224853517},"rotation":{"x":-0.06057051196694374,"y":-0.19574861228466035,"z":0.012114541605114937,"w":-0.9787073731422424},"size":23.074575424194337,"orthographic":false}