{"cameraMode":{"drawMode":3,"name":"Shadow Cascades","section":"Miscellaneous"},"sceneLighting":true,"audioPlay":false,"sceneViewState":{"showFog":true,"showMaterialUpdate":false,"showSkybox":true,"showFlares":true,"showImageEffects":true,"showParticleSystems":true},"in2DMode":false,"pivot":{"x":-139.23695373535157,"y":-2.752408266067505,"z":55.580413818359378},"rotation":{"x":0.004427415784448385,"y":-0.6288657188415527,"z":0.003591622691601515,"w":0.7775022387504578},"size":153.2279510498047,"orthographic":false}