{"cameraMode":{"drawMode":3,"name":"Shadow Cascades","section":"Miscellaneous"},"sceneLighting":true,"audioPlay":false,"sceneViewState":{"showFog":true,"showMaterialUpdate":false,"showSkybox":false,"showFlares":true,"showImageEffects":true,"showParticleSystems":true},"in2DMode":false,"pivot":{"x":0.20851704478263856,"y":0.41799312829971316,"z":100.25691223144531},"rotation":{"x":-0.08389855921268463,"y":-0.010471660643815995,"z":0.000884818728081882,"w":-0.9964208602905273},"size":5.638122081756592,"orthographic":false}