{"cameraMode":{"drawMode":3,"name":"Shadow Cascades","section":"Miscellaneous"},"sceneLighting":true,"audioPlay":false,"sceneViewState":{"showFog":true,"showMaterialUpdate":false,"showSkybox":true,"showFlares":true,"showImageEffects":true,"showParticleSystems":true},"in2DMode":false,"pivot":{"x":319.83685302734377,"y":194.5105438232422,"z":131.3629150390625},"rotation":{"x":0.08482445776462555,"y":0.08002255856990814,"z":-0.006825409363955259,"w":0.9931612610816956},"size":517.6943969726563,"orthographic":false}