{"cameraMode":{"drawMode":3,"name":"Shadow Cascades","section":"Miscellaneous"},"sceneLighting":true,"audioPlay":false,"sceneViewState":{"showFog":true,"showMaterialUpdate":false,"showSkybox":true,"showFlares":true,"showImageEffects":true,"showParticleSystems":true},"in2DMode":false,"pivot":{"x":23.87735366821289,"y":-22.746240615844728,"z":141.495849609375},"rotation":{"x":0.08482445776462555,"y":0.08002255856990814,"z":-0.006825409363955259,"w":0.9931612610816956},"size":144.85707092285157,"orthographic":false}